<?xml version="1.0" encoding="UTF-8"?>
<beans xmlns="http://www.springframework.org/schema/beans"
       xmlns:xsi="http://www.w3.org/2001/XMLSchema-instance" xmlns:context="http://www.springframework.org/schema/context"
       xmlns:mvc="http://www.springframework.org/schema/mvc"
       xsi:schemaLocation="
        http://www.springframework.org/schema/beans
        http://www.springframework.org/schema/beans/spring-beans-3.0.xsd
        http://www.springframework.org/schema/context
        http://www.springframework.org/schema/context/spring-context-3.0.xsd
        http://www.springframework.org/schema/mvc
        http://www.springframework.org/schema/mvc/spring-mvc-3.0.xsd">
    <context:component-scan base-package="com.mercury" />
    <mvc:annotation-driven/>
    <bean id="viewResolver"
          class="org.springframework.web.servlet.view.UrlBasedViewResolver">
        <property name="viewClass"
                  value="org.springframework.web.servlet.view.JstlView" />
        <property name="prefix" value="/views/"></property>
        <property name="suffix" value=".jsp"></property>
    </bean>
    <!-- <bean class="org.springframework.web.servlet.handler.SimpleUrlHandlerMapping">
        <property name="mappings">
            <value>
                /hello=helloController
            </value>
        </property>
    </bean>
    <bean id="helloController" class="com.mercury.beans.HelloController" /> -->
</beans>